{"name": "Meiji", "version": "1.0", "location": {"callable": {}, "screen": {"load": ["game/screens.rpy", 580], "help": ["game/screens.rpy", 961], "say": ["game/screens.rpy", 98], "notify": ["game/screens.rpy", 1249], "keyboard_help": ["game/screens.rpy", 990], "gamepad_help": ["game/screens.rpy", 1060], "preferences": ["game/screens.rpy", 702], "confirm": ["game/screens.rpy", 1126], "mouse_help": ["game/screens.rpy", 1037], "input": ["game/screens.rpy", 174], "save": ["game/screens.rpy", 573], "skip_indicator": ["game/screens.rpy", 1191], "file_slots": ["game/screens.rpy", 587], "choice": ["game/screens.rpy", 207], "game_menu": ["game/screens.rpy", 404], "main_menu": ["game/screens.rpy", 342], "nvl": ["game/screens.rpy", 1288], "quick_menu": ["game/screens.rpy", 1412], "about": ["game/screens.rpy", 527], "nvl_dialogue": ["game/screens.rpy", 1321], "navigation": ["game/screens.rpy", 292], "history": ["game/screens.rpy", 870]}, "define": {"gui.accent_color": ["game/gui.rpy", 27], "gui.interface_text_size": ["game/gui.rpy", 78], "build.name": ["game/options.rpy", 43], "gui.bar_tile": ["game/gui.rpy", 328], "gui.nvl_thought_xpos": ["game/gui.rpy", 407], "gui.slot_button_text_idle_color": ["game/gui.rpy", 238], "config.history_length": ["game/gui.rpy", 352], "config.after_load_transition": ["game/options.rpy", 90], "gui.page_spacing": ["game/gui.rpy", 281], "gui.page_button_borders": ["game/gui.rpy", 195], "gui.idle_color": ["game/gui.rpy", 31], "config.window": ["game/options.rpy", 113], "gui.slider_tile": ["game/gui.rpy", 330], "gui.main_menu_text_xalign": ["game/gui.rpy", 287], "gui.nvl_button_xalign": ["game/gui.rpy", 414], "gui.nvl_text_ypos": ["game/gui.rpy", 401], "gui.frame_borders": ["game/gui.rpy", 297], "gui.nvl_list_length": ["game/gui.rpy", 382], "gui.slot_button_borders": ["game/gui.rpy", 235], "gui.scrollbar_borders": ["game/gui.rpy", 334], "config.enter_transition": ["game/options.rpy", 79], "gui.pref_spacing": ["game/gui.rpy", 275], "gui.dialogue_text_xalign": ["game/gui.rpy", 145], "gui.nvl_text_xpos": ["game/gui.rpy", 400], "config.window_icon": ["game/options.rpy", 159], "gui.muted_color": ["game/gui.rpy", 52], "gui.dialogue_ypos": ["game/gui.rpy", 137], "config.has_sound": ["game/options.rpy", 51], "gui.button_text_font": ["game/gui.rpy", 167], "gui.nvl_name_ypos": ["game/gui.rpy", 395], "gui.game_menu_background": ["game/gui.rpy", 94], "gui.choice_button_text_hover_color": ["game/gui.rpy", 222], "gui.nvl_button_xpos": ["game/gui.rpy", 413], "gui.name_xalign": ["game/gui.rpy", 118], "gui.namebox_borders": ["game/gui.rpy", 127], "gui.frame_tile": ["game/gui.rpy", 309], "gui.nvl_text_xalign": ["game/gui.rpy", 403], "gui.vbar_borders": ["game/gui.rpy", 338], "config.end_game_transition": ["game/options.rpy", 95], "gui.slot_button_text_size": ["game/gui.rpy", 236], "gui.dialogue_xpos": ["game/gui.rpy", 136], "gui.namebox_height": ["game/gui.rpy", 123], "config.version": ["game/options.rpy", 29], "gui.history_text_width": ["game/gui.rpy", 368], "gui.radio_button_borders": ["game/gui.rpy", 189], "gui.button_text_size": ["game/gui.rpy", 170], "config.window_hide_transition": ["game/options.rpy", 119], "gui.about": ["game/options.rpy", 35], "gui.navigation_spacing": ["game/gui.rpy", 272], "gui.choice_button_borders": ["game/gui.rpy", 217], "config.intra_transition": ["game/options.rpy", 85], "gui.slot_button_width": ["game/gui.rpy", 233], "gui.choice_button_text_xalign": ["game/gui.rpy", 220], "gui.show_name": ["game/options.rpy", 24], "gui.slot_button_text_selected_hover_color": ["game/gui.rpy", 240], "gui.title_text_size": ["game/gui.rpy", 87], "gui.slot_button_text_selected_idle_color": ["game/gui.rpy", 239], "gui.button_text_idle_color": ["game/gui.rpy", 173], "gui.notify_frame_borders": ["game/gui.rpy", 306], "gui.navigation_xpos": ["game/gui.rpy", 260], "gui.slot_button_height": ["game/gui.rpy", 234], "gui.history_text_ypos": ["game/gui.rpy", 367], "config.nvl_list_length": ["game/screens.rpy", 1342], "gui.notify_text_size": ["game/gui.rpy", 84], "config.has_voice": ["game/options.rpy", 53], "gui.selected_color": ["game/gui.rpy", 43], "gui.history_text_xpos": ["game/gui.rpy", 366], "gui.skip_frame_borders": ["game/gui.rpy", 303], "gui.confirm_button_text_xalign": ["game/gui.rpy", 193], "gui.text_font": ["game/gui.rpy", 63], "gui.history_name_xpos": ["game/gui.rpy", 360], "gui.main_menu_background": ["game/gui.rpy", 93], "gui.button_width": ["game/gui.rpy", 155], "gui.button_text_selected_color": ["game/gui.rpy", 175], "gui.nvl_thought_ypos": ["game/gui.rpy", 408], "config.save_directory": ["game/options.rpy", 152], "gui.skip_ypos": ["game/gui.rpy", 263], "gui.namebox_tile": ["game/gui.rpy", 131], "gui.nvl_text_width": ["game/gui.rpy", 402], "gui.hover_color": ["game/gui.rpy", 38], "gui.interface_text_color": ["game/gui.rpy", 57], "config.thumbnail_width": ["game/gui.rpy", 244], "gui.idle_small_color": ["game/gui.rpy", 35], "config.exit_transition": ["game/options.rpy", 80], "gui.button_text_xalign": ["game/gui.rpy", 180], "gui.name_xpos": ["game/gui.rpy", 113], "gui.name_text_size": ["game/gui.rpy", 75], "gui.history_text_xalign": ["game/gui.rpy", 369], "gui.file_slot_rows": ["game/gui.rpy", 250], "gui.button_text_insensitive_color": ["game/gui.rpy", 176], "gui.hover_muted_color": ["game/gui.rpy", 53], "gui.scrollbar_size": ["game/gui.rpy", 323], "gui.quick_button_text_selected_color": ["game/gui.rpy", 200], "gui.nvl_thought_width": ["game/gui.rpy", 409], "gui.history_height": ["game/gui.rpy", 356], "gui.text_size": ["game/gui.rpy", 72], "gui.unscrollable": ["game/gui.rpy", 344], "gui.choice_button_text_font": ["game/gui.rpy", 218], "gui.slot_spacing": ["game/gui.rpy", 284], "gui.quick_button_text_idle_color": ["game/gui.rpy", 199], "config.window_show_transition": ["game/options.rpy", 118], "config.narrator_menu": ["game/screens.rpy", 217], "gui.nvl_height": ["game/gui.rpy", 386], "gui.choice_button_height": ["game/gui.rpy", 215], "gui.nvl_spacing": ["game/gui.rpy", 390], "quick_menu": ["game/screens.rpy", 271], "gui.insensitive_color": ["game/gui.rpy", 47], "gui.bar_borders": ["game/gui.rpy", 333], "gui.dialogue_width": ["game/gui.rpy", 140], "gui.scrollbar_tile": ["game/gui.rpy", 329], "gui.quick_button_text_size": ["game/gui.rpy", 198], "config.has_music": ["game/options.rpy", 52], "gui.textbox_height": ["game/gui.rpy", 103], "gui.file_slot_cols": ["game/gui.rpy", 249], "gui.text_color": ["game/gui.rpy", 56], "gui.history_name_xalign": ["game/gui.rpy", 363], "config.name": ["game/options.rpy", 18], "config.mouse": ["game/options.rpy", 228], "gui.button_text_hover_color": ["game/gui.rpy", 174], "gui.textbox_yalign": ["game/gui.rpy", 107], "gui.nvl_name_width": ["game/gui.rpy", 396], "gui.choice_button_text_idle_color": ["game/gui.rpy", 221], "config.main_menu_music": ["game/options.rpy", 67], "gui.button_borders": ["game/gui.rpy", 160], "gui.button_tile": ["game/gui.rpy", 164], "gui.choice_button_tile": ["game/gui.rpy", 216], "connards": ["game/script.rpy", 607], "gui.history_name_width": ["game/gui.rpy", 362], "gui.language": ["game/gui.rpy", 422], "gui.notify_ypos": ["game/gui.rpy", 266], "gui.nvl_name_xalign": ["game/gui.rpy", 397], "gui.label_text_size": ["game/gui.rpy", 81], "gui.nvl_thought_xalign": ["game/gui.rpy", 410], "gui.namebox_width": ["game/gui.rpy", 122], "gui.vslider_borders": ["game/gui.rpy", 340], "gui.slider_borders": ["game/gui.rpy", 335], "gui.history_allow_tags": ["game/screens.rpy", 911], "gui.name_text_font": ["game/gui.rpy", 66], "gui.name_ypos": ["game/gui.rpy", 114], "gui.nvl_borders": ["game/gui.rpy", 378], "gui.pref_button_spacing": ["game/gui.rpy", 278], "config.thumbnail_height": ["game/gui.rpy", 245], "gui.bar_size": ["game/gui.rpy", 322], "gui.choice_button_width": ["game/gui.rpy", 214], "gui.interface_text_font": ["game/gui.rpy", 69], "gui.history_name_ypos": ["game/gui.rpy", 361], "gui.slot_button_text_xalign": ["game/gui.rpy", 237], "gui.nvl_name_xpos": ["game/gui.rpy", 394], "gui.confirm_frame_borders": ["game/gui.rpy", 300], "gui.slider_size": ["game/gui.rpy", 324], "gui.button_height": ["game/gui.rpy", 156], "gui.check_button_borders": ["game/gui.rpy", 191], "gui.choice_spacing": ["game/gui.rpy", 269], "gui.quick_button_borders": ["game/gui.rpy", 197], "gui.choice_button_text_size": ["game/gui.rpy", 219], "gui.vscrollbar_borders": ["game/gui.rpy", 339]}, "transform": {"delayed_blink": ["game/screens.rpy", 1210], "notify_appear": ["game/screens.rpy", 1260], "xflip": ["game/script.rpy", 574], "multiple_right": ["game/script.rpy", 576]}, "label": {"sei_ch4_bon": ["game/scripts/salle/sei/sei_ch4_bon.rpy", 1], "clateau_ch4_mauvais": ["game/scripts/cuisine/clateau/clateau_ch4_mauvais.rpy", 1], "cuisine": ["game/script.rpy", 1132], "start": ["game/script.rpy", 610], "yoshino_ch4_mauvais": ["game/scripts/cuisine/yoshino/yoshino_ch4_mauvais.rpy", 1], "fin_prologue": ["game/script.rpy", 1672], "yoshino_ch2": ["game/scripts/cuisine/yoshino/yoshino_ch2.rpy", 1], "yoshino_ch3": ["game/scripts/cuisine/yoshino/yoshino_ch3.rpy", 1], "cuisine_ch1": ["game/scripts/cuisine/cuisine_ch1.rpy", 1], "test": ["game/script.rpy", 1117], "sei_ch2": ["game/scripts/salle/sei/sei_ch2.rpy", 1], "sei_ch3": ["game/scripts/salle/sei/sei_ch3.rpy", 1], "salle": ["game/script.rpy", 1237], "yoshino_ch4_bon": ["game/scripts/cuisine/yoshino/yoshino_ch4_bon.rpy", 1], "akie_ch2": ["game/scripts/salle/akie/akie_ch2.rpy", 1], "akie_ch3": ["game/scripts/salle/akie/akie_ch3.rpy", 1], "sei_ch4_mauvais": ["game/scripts/salle/sei/sei_ch4_mauvais.rpy", 1], "salle_ch1": ["game/scripts/salle/salle_ch1.rpy", 1], "credits": ["game/scripts/random/credits.rpy", 1], "clateau_ch4": ["game/scripts/cuisine/clateau/clateau_ch4.rpy", 1], "clateau_ch2": ["game/scripts/cuisine/clateau/clateau_ch2.rpy", 1], "clateau_ch3": ["game/scripts/cuisine/clateau/clateau_ch3.rpy", 1], "akie_ch4_mauvais": ["game/scripts/salle/akie/akie_ch4_mauvais.rpy", 1], "bar": ["game/script.rpy", 1324], "akie_ch4_bon": ["game/scripts/salle/akie/akie_ch4_bon.rpy", 1]}}, "error": false, "size": [1280, 720], "build": {"documentation_patterns": ["*.html", "*.txt"], "directory_name": "Ezo2-1.0", "display_name": "Ezo2", "script_version": true, "destination": "Ezo2-1.0-dists", "renpy": false, "allow_integrated_gpu": true, "include_update": false, "base_patterns": [["*.py", null], ["*.sh", null], ["*.app/", null], ["*.dll", null], ["*.manifest", null], ["lib/", null], ["renpy/", null], ["update/", null], ["common/", null], ["update/", null], ["icon.ico", null], ["icon.icns", null], ["project.json", null], ["log.txt", null], ["errors.txt", null], ["traceback.txt", null], ["image_cache.txt", null], ["text_overflow.txt", null], ["dialogue.txt", null], ["dialogue.tab", null], ["profile_screen.txt", null], ["files.txt", null], ["tmp/", null], ["game/saves/", null], ["game/bytecode.rpyb", null], ["archived/", null], ["launcherinfo.py", null], ["android.txt", null], [".android.json", ["android"]], ["android-*.png", ["android"]], ["android-*.jpg", ["android"]], ["ouya_icon.png", ["android"]], ["ios-presplash.*", ["ios"]], ["**~", null], ["**.bak", null], ["**/.**", null], ["**/#**", null], ["**/thumbs.db", null], [".*", null], ["**", ["all"]]], "version": "1.0", "archives": [["archive", ["all"]]], "xbit_patterns": ["**.sh", "**/*.so.*", "**/*.so", "**/*.dylib", "lib/**/python", "lib/**/pythonw", "lib/**/zsync", "lib/**/zsyncmake", "**.app/Contents/MacOS/*", "**.app/Contents/MacOS/lib/**/python", "**.app/Contents/MacOS/lib/**/pythonw", "**.app/Contents/MacOS/lib/**/zsync", "**.app/Contents/MacOS/lib/**/zsyncmake"], "exclude_empty_directories": true, "renpy_patterns": [["renpy/common/_compat/**", null], ["renpy/common/_roundrect/**", null], ["renpy/common/_outline/**", null], ["renpy/common/_theme**", null], ["**~", null], ["**/#*", null], ["**/.*", null], ["**.old", null], ["**.new", null], ["**.rpa", null], ["**/*.pyc", null], ["renpy.py", ["renpy"]], ["renpy/", ["all"]], ["renpy/common/", ["all"]], ["renpy/common/_compat/**", ["renpy"]], ["renpy/common/**.rpy", ["renpy"]], ["renpy/common/**.rpym", ["renpy"]], ["renpy/common/_compat/**", ["renpy"]], ["renpy/common/**", ["all"]], ["renpy/**", ["renpy"]], ["lib/*/renpy", null], ["lib/*/renpy.exe", null], ["lib/windows-i686/**", ["windows"]], ["lib/linux-*/**", ["linux"]], ["lib/darwin-x86_64/**", ["mac"]], ["/lib/**", ["windows", "linux", "mac"]], ["renpy.sh", ["linux", "mac"]]], "packages": [{"dlc": false, "hidden": false, "description": "PC: Windows and Linux", "formats": ["zip"], "file_lists": ["windows", "linux", "renpy", "all"], "update": true, "name": "pc"}, {"dlc": false, "hidden": false, "description": "Linux x86/x86_64", "formats": ["tar.bz2"], "file_lists": ["linux", "renpy", "all"], "update": true, "name": "linux"}, {"dlc": false, "hidden": false, "description": "Macintosh x86_64", "formats": ["app-zip", "app-dmg"], "file_lists": ["mac", "renpy", "all"], "update": true, "name": "mac"}, {"dlc": false, "hidden": false, "description": "Windows x86", "formats": ["zip"], "file_lists": ["windows", "renpy", "all"], "update": true, "name": "win"}, {"dlc": false, "hidden": false, "description": "Windows, Mac, Linux for Markets", "formats": ["zip"], "file_lists": ["windows", "linux", "mac", "renpy", "all"], "update": true, "name": "market"}, {"dlc": false, "hidden": true, "description": "steam", "formats": ["zip"], "file_lists": ["windows", "linux", "mac", "renpy", "all"], "update": true, "name": "steam"}, {"dlc": true, "hidden": true, "description": "android", "formats": ["directory"], "file_lists": ["android", "renpy", "all"], "update": false, "name": "android"}, {"dlc": true, "hidden": true, "description": "ios", "formats": ["directory"], "file_lists": ["ios", "renpy", "all"], "update": false, "name": "ios"}], "executable_name": "Ezo2"}}